Insert into areas (ID_areas,NOMBRE_areas,MIN_SALARY,MAX_SALARY) values ('DOC_DI','DISEÑO',800000,1000000);
Insert into areas (ID_areas,NOMBRE_areas,MIN_SALARY,MAX_SALARY) values ('DOC_AG','AGROINDUSTRIA Y MEDIOAMBIENTE',100000,1200000);
Insert into areas (ID_areas,NOMBRE_areas,MIN_SALARY,MAX_SALARY) values ('DOC_TI','TECNOLOGIAS DE LA INFORMACION',800000,1000000);
Insert into areas (ID_areas,NOMBRE_areas,MIN_SALARY,MAX_SALARY) values ('DOC_NE','NEGOCIOS',700000,1000000);
Insert into areas (ID_areas,NOMBRE_areas,MIN_SALARY,MAX_SALARY) values ('DOC_SA','SALUD',600000,800000);
Insert into areas (ID_areas,NOMBRE_areas,MIN_SALARY,MAX_SALARY) values ('DOC_ADM','ADMINISTRACION',800000,1000000);
Insert into areas (ID_areas,NOMBRE_areas,MIN_SALARY,MAX_SALARY) values ('DOC_MAN','MANTENIMIENTO Y LOGISTICA',800000,1000000);
Insert into areas (ID_areas,NOMBRE_areas,MIN_SALARY,MAX_SALARY) values ('DOC_CON','CONSTRUCCION',800000,1500000);
Insert into areas (ID_areas,NOMBRE_areas,MIN_SALARY,MAX_SALARY) values ('DOC_TUR','TURISMO',700000,1000000);
Insert into areas (ID_areas,NOMBRE_areas,MIN_SALARY,MAX_SALARY) values ('DOC_GA','GASTRONOMIA',800000,1000000);


Insert into asignaturas (id_asignaturas,nombre_asignaturas) values (10,'INGLES');
Insert into asignaturas (id_asignaturas,nombre_asignaturas) values (11,'MATEMATICAS');
Insert into asignaturas (id_asignaturas,nombre_asignaturas) values (12,'ADMINISTRACION');
Insert into asignaturas (id_asignaturas,nombre_asignaturas) values (13,'FORMACION CIUDADANA');
Insert into asignaturas (id_asignaturas,nombre_asignaturas) values (14,'MARKETING');
Insert into asignaturas (id_asignaturas,nombre_asignaturas) values (15,'DESARROLLO AGIL');
Insert into asignaturas (id_asignaturas,nombre_asignaturas) values (16,'SISTEMAS OPERATIVOS');
Insert into asignaturas (id_asignaturas,nombre_asignaturas) values (17,'PRIMEROS AUXILIOS');
Insert into asignaturas (id_asignaturas,nombre_asignaturas) values (18,'MATERIALES DE CONSTRUCCION');
Insert into asignaturas (id_asignaturas,nombre_asignaturas) values (19,'FINANZAS');
Insert into asignaturas (id_asignaturas,nombre_asignaturas) values (20,'CALCULO DIFERENCIAL');
Insert into asignaturas (id_asignaturas,nombre_asignaturas) values (21,'INNOVACION Y EMPRENDIMIENTO');


Insert into docentes (id_docentes,nombre,apellidomaterno,apellidopaterno,email,numerotelefono,id_areas,salario,id_asignaturas,direccion) values (100,'bastian','corvalan','coluccio','bCorvaCo@hotmail.com','8778578','DOC_NE',24000,null,'direccion12');
Insert into docentes (id_docentes,nombre,apellidomaterno,apellidopaterno,email,numerotelefono,id_areas,salario,id_asignaturas,direccion) values (101,'alonso','sempiterno','basualto','basaas@hotmail.com','96684548','DOC_AG',24000,null,'direccion13');
Insert into docentes (id_docentes,nombre,apellidomaterno,apellidopaterno,email,numerotelefono,id_areas,salario,id_asignaturas,direccion) values (102,'alejandra','yoltumba','perez','SdAd@hotmail.com','9676578','DOC_TI',24000,null,'direccion31');
Insert into docentes (id_docentes,nombre,apellidomaterno,apellidopaterno,email,numerotelefono,id_areas,salario,id_asignaturas,direccion) values (103,'valentino','perez','copre','asdee@hotmail.com','9878908','DOC_ADM',24000,null,'direccion14');
Insert into docentes (id_docentes,nombre,apellidomaterno,apellidopaterno,email,numerotelefono,id_areas,salario,id_asignaturas,direccion) values (104,'pablo','mamani','quispe','reee.e@hotmail.com','9878658','DOC_SA',24000,null,'direccion12');
Insert into docentes (id_docentes,nombre,apellidomaterno,apellidopaterno,email,numerotelefono,id_areas,salario,id_asignaturas,direccion) values (105,'cristina','gonzalez','vilches','t.reeee@hotmail.com','9778578','DOC_TUR',24000,null,'direccion1');
Insert into docentes (id_docentes,nombre,apellidomaterno,apellidopaterno,email,numerotelefono,id_areas,salario,id_asignaturas,direccion) values (106,'josefa','magna','gomez','pliiip@hotmail.com','9098578','DOC_GA',24000,null,'direccion11');
Insert into docentes (id_docentes,nombre,apellidomaterno,apellidopaterno,email,numerotelefono,id_areas,salario,id_asignaturas,direccion) values (107,'gianfranco','mata','toro','liili@hotmail.com','997578','DOC_CON',24000,null,'direccion19');
Insert into docentes (id_docentes,nombre,apellidomaterno,apellidopaterno,email,numerotelefono,id_areas,salario,id_asignaturas,direccion) values (108,'jean','casas','u de chile','wewr@hotmail.com','9432578','DOC_MAN',24000,null,'direccion54');
Insert into docentes (id_docentes,nombre,apellidomaterno,apellidopaterno,email,numerotelefono,id_areas,salario,id_asignaturas,direccion) values (109,'jimena','jimenes','jimenita','vbdd@hotmail.com','758578','DOC_ADM',24000,null,'direccion34');
Insert into docentes (id_docentes,nombre,apellidomaterno,apellidopaterno,email,numerotelefono,id_areas,salario,id_asignaturas,direccion) values (110,'andrea','colocolo','telefoo','hnfsw@hotmail.com','7678578','DOC_NE',24000,null,'direccion45');
Insert into docentes (id_docentes,nombre,apellidomaterno,apellidopaterno,email,numerotelefono,id_areas,salario,id_asignaturas,direccion) values (111,'andres','casa','pikachu','polui@hotmail.com','9873458','DOC_SA',24000,null,'direccion155');
Insert into docentes (id_docentes,nombre,apellidomaterno,apellidopaterno,email,numerotelefono,id_areas,salario,id_asignaturas,direccion) values (112,'pablo','dragonite','lapras','jhydd@hotmail.com','6458578','DOC_GA',24000,null,'direccion132');
